timestamp,value
9466860005,12
9466860010,39969
9466860015,406744
9466860020,323700
9466860025,423300
9466860030,323700
9466860035,423300
9466860040,323700
9466860045,423300
9466860050,323700
9466860055,423300
9466860060,323700
9466860065,423300
9466860070,323700
9466860075,386448
9466860080,360552
9466860085,388440
9466860090,358560
9466860095,406368
9466860100,344118
9466860105,419814
9466860110,348600
9466860115,398400
9466860120,357066
9466860125,389934
9466860130,398400
9466860135,398400
9466860140,348600
9466860145,398400
9466860150,348600
9466860155,398400
9466860160,348600
9466860165,423300
9466860170,327186
9466860175,419814
9466860180,348600
9466860185,398400
9466860190,356568
9466860195,390432
9466860200,373500
9466860205,373500
9466860210,373500
9466860215,373500
9466860220,373500
9466860225,373500
9466860230,373500
9466860235,373500
9466860240,373500
9466860245,373500
9466860250,373500
9466860255,373500
9466860260,373500
9466860265,373500
9466860270,373500
9466860275,373500
9466860280,373500
9466860285,373500
9466860290,373500
9466860295,373500
9466860300,373500
9466860305,373500
9466860310,373500
9466860315,373500
9466860320,373500
9466860325,373500
9466860330,387942
9466860335,363042
9466860340,401886
9466860345,465630
9466860350,373500
9466860355,373500
9466860360,373500
9466860365,373500
9466860370,373500
9466860375,373500
9466860380,373500
9466860385,373500
9466860390,373500
9466860395,373500
9466860400,373500
9466860405,373500
9466860410,373500
9466860415,373500
9466860420,373500
9466860425,373500
9466860430,373500
9466860435,387942
9466860440,359058
9466860445,473100
9466860450,277386
9466860455,482562
9466860460,260952
9466860465,472104
9466860470,281868
9466860475,489036
9466860480,257964
9466860485,491028
9466860490,360552
9466860495,386448
9466860500,268422
9466860505,478578
9466860510,348600
9466860515,398400
9466860520,373500
9466860525,373500
9466860530,373500
9466860535,373500
9466860540,356070
9466860545,390930
9466860550,361548
9466860555,385452
9466860560,373500
9466860565,373500
9466860570,373500
9466860575,373500
9466860580,373500
9466860585,373500
9466860590,373500
9466860595,373500
9466860600,373500
9466860605,12
9466860610,39969
9466860615,406744
9466860620,323700
9466860625,423300
9466860630,327186
9466860635,410352
9466860640,358062
9466860645,398400
9466860650,348600
9466860655,398400
9466860660,348600
9466860665,398400
9466860670,348600
9466860675,398400
9466860680,348600
9466860685,398400
9466860690,348600
9466860695,398400
9466860700,348600
9466860705,398400
9466860710,348600
9466860715,398400
9466860720,348600
9466860725,398400
9466860730,348600
9466860735,398400
9466860740,348600
9466860745,398400
9466860750,348600
9466860755,398400
9466860760,348600
9466860765,398400
9466860770,348600
9466860775,398400
9466860780,348600
9466860785,398400
9466860790,348600
9466860795,398400
9466860800,348600
9466860805,398400
9466860810,348600
9466860815,398400
9466860820,348600
9466860825,405372
9466860830,341628
9466860835,473100
9466860840,280872
9466860845,466128
9466860850,373500
9466860855,376986
9466860860,278382
9466860865,489036
9466860870,259956
9466860875,488040
9466860880,257466
9466860885,489534
9466860890,353580
9466860895,393420
9466860900,398400
9466860905,348600
9466860910,398400
9466860915,348600
9466860920,398400
9466860925,348600
9466860930,398400
9466860935,348600
9466860940,398400
9466860945,348600
9466860950,398400
9466860955,348600
9466860960,398400
9466860965,348600
9466860970,398400
9466860975,348600
9466860980,398400
9466860985,348600
9466860990,398400
9466860995,348600
9466861000,398400
9466861005,348600
9466861010,398400
9466861015,348600
9466861020,398400
9466861025,348600
9466861030,398400
9466861035,363540
9466861040,383460
9466861045,348600
9466861050,398400
9466861055,348600
9466861060,398400
9466861065,348600
9466861070,398400
9466861075,348600
9466861080,398400
9466861085,348600
9466861090,398400
9466861095,359556
9466861100,390930
9466861105,361548
9466861110,394914
9466861115,366528
9466861120,467124
9466861125,302286
9466861130,409854
9466861135,338142
9466861140,443718
9466861145,305274
9466861150,441726
9466861155,348600
9466861160,398400
9466861165,376986
9466861170,370014
9466861175,398400
9466861180,348600
9466861185,398400
9466861190,348600
9466861195,398400
9466861200,348600
9466861205,12
9466861210,39969
9466861215,406744
9466861220,323700
9466861225,423300
9466861230,323700
9466861235,423300
9466861240,323700
9466861245,423300
9466861250,323700
9466861255,423300
9466861260,329178
9466861265,417822
9466861270,327684
9466861275,419316
9466861280,329676
9466861285,417324
9466861290,331668
9466861295,415332
9466861300,373500
9466861305,373500
9466861310,423300
9466861315,398400
9466861320,348600
9466861325,398400
9466861330,360552
9466861335,366528
9466861340,382464
9466861345,384456
9466861350,373500
9466861355,373500
9466861360,398400
9466861365,348600
9466861370,398400
9466861375,348600
9466861380,398400
9466861385,348600
9466861390,398400
9466861395,348600
9466861400,398400
9466861405,348600
9466861410,398400
9466861415,348600
9466861420,398400
9466861425,348600
9466861430,401886
9466861435,345114
9466861440,498000
9466861445,250992
9466861450,496008
9466861455,256470
9466861460,426786
9466861465,318720
9466861470,492024
9466861475,298800
9466861480,448200
9466861485,302286
9466861490,444714
9466861495,348600
9466861500,398400
9466861505,398400
9466861510,348600
9466861515,360552
9466861520,386448
9466861525,348600
9466861530,398400
9466861535,348600
9466861540,398400
9466861545,348600
9466861550,398400
9466861555,352086
9466861560,394914
9466861565,354576
9466861570,392424
9466861575,356568
9466861580,390432
9466861585,373500
9466861590,373500
9466861595,373500
9466861600,373500
9466861605,373500
9466861610,373500
9466861615,373500
9466861620,373500
9466861625,385950
9466861630,361050
9466861635,398400
9466861640,348600
9466861645,376986
9466861650,373500
9466861655,373500
9466861660,370014
9466861665,374496
9466861670,375990
9466861675,469614
9466861680,285852
9466861685,461148
9466861690,277386
9466861695,469614
9466861700,273900
9466861705,473100
9466861710,275892
9466861715,471108
9466861720,277884
9466861725,433758
9466861730,433758
9466861735,327684
9466861740,419316
9466861745,333162
9466861750,413838
9466861755,373500
9466861760,373500
9466861765,373500
9466861770,373500
9466861775,373500
9466861780,373500
9466861785,373500
9466861790,373500
9466861795,373500
9466861800,373500
9466861805,12
9466861810,39970
9466861815,406744
9466861820,323700
9466861825,423300
9466861830,323700
9466861835,423300
9466861840,348600
9466861845,398400
9466861850,348600
9466861855,401886
9466861860,345114
9466861865,401886
9466861870,345114
9466861875,412842
9466861880,334158
9466861885,423300
9466861890,323700
9466861895,423300
9466861900,323700
9466861905,423300
9466861910,330174
9466861915,416826
9466861920,373500
9466861925,373500
9466861930,373500
9466861935,373500
9466861940,373500
9466861945,373500
9466861950,373500
9466861955,373500
9466861960,373500
9466861965,373500
9466861970,389934
9466861975,357066
9466861980,398400
9466861985,348600
9466861990,398400
9466861995,348600
9466862000,398400
9466862005,348600
9466862010,398400
9466862015,348600
9466862020,398400
9466862025,348600
9466862030,398400
9466862035,348600
9466862040,398400
9466862045,348600
9466862050,398400
9466862055,348600
9466862060,401886
9466862065,345114
9466862070,401886
9466862075,348600
9466862080,401886
9466862085,345114
9466862090,401886
9466862095,359058
9466862100,414336
9466862105,322206
9466862110,491028
9466862115,254478
9466862120,492522
9466862125,288342
9466862130,363042
9466862135,419316
9466862140,333162
9466862145,448200
9466862150,300792
9466862155,461646
9466862160,283860
9466862165,463140
9466862170,289338
9466862175,482562
9466862180,348600
9466862185,398400
9466862190,348600
9466862195,398400
9466862200,318222
9466862205,428778
9466862210,300792
9466862215,446208
9466862220,348600
9466862225,398400
9466862230,348600
9466862235,398400
9466862240,348600
9466862245,398400
9466862250,348600
9466862255,398400
9466862260,348600
9466862265,398400
9466862270,348600
9466862275,398400
9466862280,348600
9466862285,398400
9466862290,348600
9466862295,398400
9466862300,350592
9466862305,396408
9466862310,352086
9466862315,394914
9466862320,352086
9466862325,394914
9466862330,352086
9466862335,394914
9466862340,362046
9466862345,384954
9466862350,364038
9466862355,382962
9466862360,366030
9466862365,380970
9466862370,352086
9466862375,401886
9466862380,343620
9466862385,496008
9466862390,255972
9466862395,394914
9466862400,348600
9466862405,12
9466862410,39970
9466862415,406744
9466862420,323700
9466862425,360552
9466862430,386448
9466862435,423300
9466862440,323700
9466862445,423300
9466862450,339636
9466862455,407364
9466862460,325692
9466862465,424794
9466862470,327684
9466862475,440730
9466862480,348600
9466862485,398400
9466862490,348600
9466862495,398400
9466862500,348600
9466862505,398400
9466862510,348600
9466862515,401886
9466862520,345114
9466862525,398400
9466862530,348600
9466862535,398400
9466862540,348600
9466862545,398400
9466862550,348600
9466862555,398400
9466862560,348600
9466862565,398400
9466862570,352086
9466862575,400890
9466862580,342624
9466862585,409854
9466862590,340632
9466862595,420810
9466862600,326190
9466862605,444714
9466862610,302286
9466862615,444714
9466862620,302286
9466862625,444714
9466862630,304278
9466862635,442722
9466862640,423300
9466862645,373500
9466862650,382464
9466862655,364536
9466862660,423300
9466862665,323700
9466862670,423300
9466862675,323700
9466862680,423300
9466862685,323700
9466862690,423300
9466862695,323700
9466862700,423300
9466862705,323700
9466862710,423300
9466862715,323700
9466862720,423300
9466862725,323700
9466862730,423300
9466862735,323700
9466862740,423300
9466862745,323700
9466862750,423300
9466862755,323700
9466862760,423300
9466862765,323700
9466862770,423300
9466862775,323700
9466862780,423300
9466862785,323700
9466862790,423300
9466862795,323700
9466862800,423300
9466862805,323700
9466862810,423300
9466862815,323700
9466862820,423300
9466862825,323700
9466862830,426786
9466862835,320214
9466862840,426786
9466862845,323700
9466862850,423300
9466862855,323700
9466862860,420810
9466862865,326190
9466862870,426288
9466862875,317226
9466862880,431766
9466862885,318720
9466862890,433758
9466862895,315234
9466862900,467622
9466862905,277884
9466862910,469116
9466862915,421308
9466862920,325692
9466862925,361548
9466862930,392424
9466862935,441228
9466862940,323700
9466862945,420312
9466862950,326688
9466862955,423300
9466862960,323700
9466862965,423300
9466862970,323700
9466862975,423300
9466862980,323700
9466862985,423300
9466862990,323700
9466862995,426786
9466863000,320214
9466863005,12
9466863010,39970
9466863015,406744
9466863020,323700
9466863025,423300
9466863030,323700
9466863035,423300
9466863040,323700
9466863045,423300
9466863050,323700
9466863055,423300
9466863060,323700
9466863065,356070
9466863070,390930
9466863075,348600
9466863080,401886
9466863085,348600
9466863090,398400
9466863095,348600
9466863100,444714
9466863105,298800
9466863110,448200
9466863115,302286
9466863120,408858
9466863125,363042
9466863130,389436
9466863135,453678
9466863140,279378
9466863145,474594
9466863150,274398
9466863155,490530
9466863160,348600
9466863165,398400
9466863170,348600
9466863175,398400
9466863180,348600
9466863185,398400
9466863190,348600
9466863195,398400
9466863200,348600
9466863205,398400
9466863210,348600
9466863215,398400
9466863220,348600
9466863225,398400
9466863230,348600
9466863235,398400
9466863240,348600
9466863245,398400
9466863250,348600
9466863255,398400
9466863260,348600
9466863265,398400
9466863270,348600
9466863275,398400
9466863280,348600
9466863285,398400
9466863290,348600
9466863295,401886
9466863300,345114
9466863305,412344
9466863310,338142
9466863315,494514
9466863320,254478
9466863325,492522
9466863330,256470
9466863335,490530
9466863340,382464
9466863345,364536
9466863350,398400
9466863355,348600
9466863360,398400
9466863365,348600
9466863370,398400
9466863375,348600
9466863380,398400
9466863385,348600
9466863390,398400
9466863395,348600
9466863400,398400
9466863405,348600
9466863410,398400
9466863415,348600
9466863420,398400
9466863425,348600
9466863430,398400
9466863435,348600
9466863440,398400
9466863445,348600
9466863450,398400
9466863455,348600
9466863460,398400
9466863465,352086
9466863470,394914
9466863475,352086
9466863480,394914
9466863485,348600
9466863490,398400
9466863495,352086
9466863500,394914
9466863505,451686
9466863510,295314
9466863515,376986
9466863520,373998
9466863525,480072
9466863530,272406
9466863535,488538
9466863540,348600
9466863545,398400
9466863550,348600
9466863555,398400
9466863560,348600
9466863565,398400
9466863570,348600
9466863575,398400
9466863580,348600
9466863585,398400
9466863590,348600
9466863595,398400
9466863600,348600
9466863605,12
9466863610,39970
9466863615,342004
9466863620,388440
9466863625,360552
9466863630,386448
9466863635,423300
9466863640,327186
9466863645,419814
9466863650,327186
9466863655,419814
9466863660,348600
9466863665,398400
9466863670,348600
9466863675,398400
9466863680,348600
9466863685,398400
9466863690,348600
9466863695,398400
9466863700,348600
9466863705,399396
9466863710,347604
9466863715,401388
9466863720,370512
9466863725,398400
9466863730,348600
9466863735,398400
9466863740,348600
9466863745,398400
9466863750,348600
9466863755,398400
9466863760,348600
9466863765,398400
9466863770,348600
9466863775,398400
9466863780,348600
9466863785,398400
9466863790,348600
9466863795,401886
9466863800,345114
9466863805,498000
9466863810,252486
9466863815,494514
9466863820,264936
9466863825,398400
9466863830,382464
9466863835,354078
9466863840,347106
9466863845,444216
9466863850,373500
9466863855,409356
9466863860,337644
9466863865,423300
9466863870,330672
9466863875,416328
9466863880,398400
9466863885,348600
9466863890,398400
9466863895,348600
9466863900,398400
9466863905,348600
9466863910,398400
9466863915,348600
9466863920,398400
9466863925,348600
9466863930,385950
9466863935,363042
9466863940,398400
9466863945,354078
9466863950,415830
9466863955,336648
9466863960,410352
9466863965,423300
9466863970,342126
9466863975,404874
9466863980,373500
9466863985,373500
9466863990,373500
9466863995,373500
9466864000,373500
9466864005,373500
9466864010,373500
9466864015,373500
9466864020,373500
9466864025,373500
9466864030,373500
9466864035,373500
9466864040,373500
9466864045,373500
9466864050,373500
9466864055,373500
9466864060,373500
9466864065,373500
9466864070,373500
9466864075,376986
9466864080,370014
9466864085,376986
9466864090,370014
9466864095,398400
9466864100,348600
9466864105,398400
9466864110,357564
9466864115,389436
9466864120,375492
9466864125,371508
9466864130,423300
9466864135,327186
9466864140,419814
9466864145,342126
9466864150,408360
9466864155,345114
9466864160,406368
9466864165,344118
9466864170,419814
9466864175,339138
9466864180,412842
9466864185,368520
9466864190,412344
9466864195,338142
9466864200,419814
9466864205,12
9466864210,39970
9466864215,406744
9466864220,323700
9466864225,348600
9466864230,398400
9466864235,348600
9466864240,398400
9466864245,300792
9466864250,446208
9466864255,298800
9466864260,398400
9466864265,310254
9466864270,436746
9466864275,298800
9466864280,348600
9466864285,398400
9466864290,348600
9466864295,398400
9466864300,348600
9466864305,398400
9466864310,348600
9466864315,354576
9466864320,392424
9466864325,252486
9466864330,408360
9466864335,335154
9466864340,401886
9466864345,345114
9466864350,398400
9466864355,348600
9466864360,398400
9466864365,348600
9466864370,398400
9466864375,348600
9466864380,398400
9466864385,348600
9466864390,398400
9466864395,348600
9466864400,398400
9466864405,348600
9466864410,398400
9466864415,348600
9466864420,398400
9466864425,250992
9466864430,448200
9466864435,296808
9466864440,348600
9466864445,398400
9466864450,348600
9466864455,398400
9466864460,348600
9466864465,398400
9466864470,348600
9466864475,398400
9466864480,348600
9466864485,398400
9466864490,348600
9466864495,398400
9466864500,348600
9466864505,354576
9466864510,296310
9466864515,355074
9466864520,388440
9466864525,348600
9466864530,398400
9466864535,348600
9466864540,398400
9466864545,348600
9466864550,398400
9466864555,348600
9466864560,398400
9466864565,348600
9466864570,398400
9466864575,249000
9466864580,458160
9466864585,288840
9466864590,348600
9466864595,398400
9466864600,348600
9466864605,398400
9466864610,348600
9466864615,398400
9466864620,348600
9466864625,398400
9466864630,348600
9466864635,398400
9466864640,252486
9466864645,456666
9466864650,286848
9466864655,352086
9466864660,394914
9466864665,348600
9466864670,398400
9466864675,348600
9466864680,398400
9466864685,348600
9466864690,398400
9466864695,264438
9466864700,444714
9466864705,286848
9466864710,348600
9466864715,398400
9466864720,348600
9466864725,398400
9466864730,348600
9466864735,398400
9466864740,348600
9466864745,398400
9466864750,348600
9466864755,398400
9466864760,252486
9466864765,361050
9466864770,382464
9466864775,348600
9466864780,398400
9466864785,348600
9466864790,398400
9466864795,348600
9466864800,398400
9466864805,12
9466864810,39970
9466864815,406744
9466864820,323700
9466864825,323700
9466864830,448200
9466864835,298800
9466864840,398400
9466864845,348600
9466864850,398400
9466864855,348600
9466864860,348600
9466864865,398400
9466864870,348600
9466864875,349596
9466864880,306270
9466864885,439734
9466864890,298800
9466864895,401886
9466864900,345114
9466864905,398400
9466864910,348600
9466864915,398400
9466864920,348600
9466864925,398400
9466864930,348600
9466864935,351588
9466864940,395412
9466864945,249000
9466864950,401886
9466864955,345114
9466864960,398400
9466864965,348600
9466864970,398400
9466864975,348600
9466864980,398400
9466864985,348600
9466864990,398400
9466864995,348600
9466865000,398400
9466865005,348600
9466865010,359058
9466865015,387942
9466865020,252486
9466865025,494514
9466865030,249000
9466865035,398400
9466865040,348600
9466865045,398400
9466865050,348600
9466865055,398400
9466865060,348600
9466865065,398400
9466865070,348600
9466865075,361050
9466865080,385950
9466865085,359556
9466865090,387444
9466865095,249000
9466865100,401886
9466865105,345114
9466865110,398400
9466865115,348600
9466865120,398400
9466865125,348600
9466865130,398400
9466865135,348600
9466865140,398400
9466865145,348600
9466865150,398400
9466865155,348600
9466865160,253482
9466865165,394914
9466865170,347604
9466865175,398400
9466865180,348600
9466865185,398400
9466865190,348600
9466865195,398400
9466865200,348600
9466865205,398400
9466865210,348600
9466865215,398400
9466865220,348600
9466865225,349596
9466865230,397404
9466865235,252486
9466865240,398400
9466865245,345114
9466865250,398400
9466865255,348600
9466865260,398400
9466865265,348600
9466865270,398400
9466865275,348600
9466865280,398400
9466865285,348600
9466865290,398400
9466865295,348600
9466865300,398400
9466865305,348600
9466865310,398400
9466865315,249000
9466865320,355572
9466865325,391428
9466865330,348600
9466865335,398400
9466865340,348600
9466865345,398400
9466865350,348600
9466865355,398400
9466865360,348600
9466865365,398400
9466865370,348600
9466865375,398400
9466865380,348600
9466865385,359556
9466865390,287844
9466865395,352086
9466865400,394914
9466865405,12
9466865410,39970
9466865415,406744
9466865420,323700
9466865425,332166
9466865430,414834
9466865435,323700
9466865440,361050
9466865445,350592
9466865450,383958
9466865455,348600
9466865460,398400
9466865465,348600
9466865470,398400
9466865475,348600
9466865480,398400
9466865485,348600
9466865490,398400
9466865495,348600
9466865500,398400
9466865505,348600
9466865510,302286
9466865515,444714
9466865520,252486
9466865525,398400
9466865530,345114
9466865535,398400
9466865540,348600
9466865545,398400
9466865550,348600
9466865555,398400
9466865560,348600
9466865565,398400
9466865570,348600
9466865575,398400
9466865580,348600
9466865585,398400
9466865590,253482
9466865595,350592
9466865600,391926
9466865605,352086
9466865610,394914
9466865615,348600
9466865620,398400
9466865625,348600
9466865630,398400
9466865635,348600
9466865640,398400
9466865645,347604
9466865650,399396
9466865655,249000
9466865660,451188
9466865665,295812
9466865670,352086
9466865675,394914
9466865680,348600
9466865685,398400
9466865690,348600
9466865695,398400
9466865700,348600
9466865705,398400
9466865710,348600
9466865715,398400
9466865720,348600
9466865725,398400
9466865730,252486
9466865735,354078
9466865740,389436
9466865745,348600
9466865750,398400
9466865755,348600
9466865760,398400
9466865765,348600
9466865770,398400
9466865775,348600
9466865780,398400
9466865785,348600
9466865790,398400
9466865795,257964
9466865800,489036
9466865805,249000
9466865810,352086
9466865815,394914
9466865820,348600
9466865825,398400
9466865830,348600
9466865835,398400
9466865840,348600
9466865845,398400
9466865850,348600
9466865855,398400
9466865860,348600
9466865865,398400
9466865870,252486
9466865875,461148
9466865880,282366
9466865885,353082
9466865890,393918
9466865895,348600
9466865900,398400
9466865905,348600
9466865910,398400
9466865915,348600
9466865920,398400
9466865925,348600
9466865930,398400
9466865935,348600
9466865940,253482
9466865945,394914
9466865950,347604
9466865955,398400
9466865960,348600
9466865965,398400
9466865970,348600
9466865975,398400
9466865980,348600
9466865985,398400
9466865990,348600
9466865995,398400
9466866000,348600
9466866005,12
9466866010,39970
9466866015,406744
9466866020,323700
9466866025,423300
9466866030,323700
9466866035,423300
9466866040,323700
9466866045,423300
9466866050,323700
9466866055,423300
9466866060,323700
9466866065,423300
9466866070,323700
9466866075,423300
9466866080,323700
9466866085,423300
9466866090,323700
9466866095,423300
9466866100,323700
9466866105,423300
9466866110,323700
9466866115,428280
9466866120,322206
9466866125,472602
9466866130,274398
9466866135,494514
9466866140,250992
9466866145,496008
9466866150,298800
9466866155,448200
9466866160,290334
9466866165,456666
9466866170,323700
9466866175,423300
9466866180,323700
9466866185,423300
9466866190,323700
9466866195,423300
9466866200,323700
9466866205,423300
9466866210,323700
9466866215,423300
9466866220,323700
9466866225,423300
9466866230,323700
9466866235,423300
9466866240,323700
9466866245,423300
9466866250,327186
9466866255,419814
9466866260,342126
9466866265,404874
9466866270,348600
9466866275,398400
9466866280,348600
9466866285,398400
9466866290,348600
9466866295,398400
9466866300,348600
9466866305,398400
9466866310,332664
9466866315,414336
9466866320,327186
9466866325,419814
9466866330,336648
9466866335,410352
9466866340,373500
9466866345,373500
9466866350,328182
9466866355,418818
9466866360,373500
9466866365,373500
9466866370,373500
9466866375,376986
9466866380,424794
9466866385,332664
9466866390,354078
9466866395,453678
9466866400,373500
9466866405,373500
9466866410,398400
9466866415,348600
9466866420,423300
9466866425,323700
9466866430,423300
9466866435,323700
9466866440,423300
9466866445,323700
9466866450,423300
9466866455,323700
9466866460,423300
9466866465,323700
9466866470,423300
9466866475,323700
9466866480,423300
9466866485,323700
9466866490,423300
9466866495,323700
9466866500,423300
9466866505,323700
9466866510,423300
9466866515,327186
9466866520,419814
9466866525,373500
9466866530,373500
9466866535,454176
9466866540,292824
9466866545,405372
9466866550,345114
9466866555,494514
9466866560,260952
9466866565,486048
9466866570,323700
9466866575,423300
9466866580,323700
9466866585,311250
9466866590,435750
9466866595,329178
9466866600,417822
9466866605,12
9466866610,39970
9466866615,406744
9466866620,323700
9466866625,373500
9466866630,373500
9466866635,378480
9466866640,368520
9466866645,383958
9466866650,366528
9466866655,419814
9466866660,332664
9466866665,414336
9466866670,348600
9466866675,398400
9466866680,348600
9466866685,423300
9466866690,323700
9466866695,423300
9466866700,324696
9466866705,422304
9466866710,358560
9466866715,388440
9466866720,328680
9466866725,418320
9466866730,327186
9466866735,419814
9466866740,336150
9466866745,410850
9466866750,398400
9466866755,350592
9466866760,396408
9466866765,352086
9466866770,394914
9466866775,348600
9466866780,398400
9466866785,348600
9466866790,398400
9466866795,352086
9466866800,394914
9466866805,348600
9466866810,398400
9466866815,348600
9466866820,398400
9466866825,348600
9466866830,398400
9466866835,348600
9466866840,398400
9466866845,348600
9466866850,398400
9466866855,352086
9466866860,394914
9466866865,356568
9466866870,393918
9466866875,374496
9466866880,378978
9466866885,488040
9466866890,348600
9466866895,398400
9466866900,348600
9466866905,398400
9466866910,348600
9466866915,398400
9466866920,348600
9466866925,398400
9466866930,348600
9466866935,398400
9466866940,348600
9466866945,398400
9466866950,348600
9466866955,398400
9466866960,348600
9466866965,398400
9466866970,348600
9466866975,398400
9466866980,348600
9466866985,398400
9466866990,348600
9466866995,398400
9466867000,348600
9466867005,398400
9466867010,348600
9466867015,398400
9466867020,348600
9466867025,398400
9466867030,348600
9466867035,405372
9466867040,347604
9466867045,445710
9466867050,345114
9466867055,360054
9466867060,386946
9466867065,358560
9466867070,388440
9466867075,398400
9466867080,355572
9466867085,441228
9466867090,398400
9466867095,348600
9466867100,330672
9466867105,416328
9466867110,373500
9466867115,373500
9466867120,398400
9466867125,348600
9466867130,398400
9466867135,348600
9466867140,398400
9466867145,348600
9466867150,398400
9466867155,348600
9466867160,398400
9466867165,348600
9466867170,398400
9466867175,348600
9466867180,398400
9466867185,348600
9466867190,398400
9466867195,348600
9466867200,398400
9466867205,12
9466867210,39970
9466867215,406744
9466867220,323700
9466867225,423300
9466867230,323700
9466867235,423300
9466867240,323700
9466867245,423300
9466867250,327186
9466867255,419814
9466867260,329178
9466867265,417822
9466867270,373500
9466867275,373500
9466867280,361548
9466867285,385452
9466867290,348600
9466867295,398400
9466867300,348600
9466867305,398400
9466867310,373500
9466867315,373500
9466867320,353580
9466867325,393420
9466867330,339636
9466867335,407364
9466867340,348600
9466867345,398400
9466867350,359556
9466867355,387444
9466867360,380970
9466867365,366030
9466867370,398400
9466867375,348600
9466867380,473100
9466867385,274896
9466867390,401886
9466867395,347106
9466867400,470112
9466867405,278880
9466867410,468120
9466867415,284358
9466867420,462642
9466867425,302286
9466867430,444714
9466867435,298800
9466867440,448200
9466867445,323700
9466867450,423300
9466867455,348600
9466867460,398400
9466867465,348600
9466867470,398400
9466867475,348600
9466867480,398400
9466867485,348600
9466867490,398400
9466867495,348600
9466867500,398400
9466867505,348600
9466867510,398400
9466867515,348600
9466867520,398400
9466867525,348600
9466867530,400392
9466867535,346608
9466867540,409356
9466867545,341130
9466867550,419814
9466867555,327186
9466867560,419814
9466867565,333660
9466867570,413340
9466867575,433260
9466867580,313740
9466867585,473100
9466867590,323700
9466867595,403380
9466867600,343620
9466867605,423300
9466867610,348600
9466867615,398400
9466867620,348600
9466867625,398400
9466867630,348600
9466867635,398400
9466867640,348600
9466867645,398400
9466867650,348600
9466867655,398400
9466867660,348600
9466867665,398400
9466867670,348600
9466867675,398400
9466867680,348600
9466867685,398400
9466867690,348600
9466867695,398400
9466867700,348600
9466867705,398400
9466867710,348600
9466867715,400392
9466867720,346608
9466867725,448200
9466867730,302286
9466867735,444714
9466867740,298800
9466867745,448200
9466867750,302286
9466867755,444714
9466867760,411846
9466867765,338640
9466867770,444714
9466867775,305772
9466867780,441228
9466867785,348600
9466867790,398400
9466867795,348600
9466867800,398400
9466867805,12
9466867810,39970
9466867815,406744
9466867820,327186
9466867825,419814
9466867830,339138
9466867835,407862
9466867840,357066
9466867845,389934
9466867850,352086
9466867855,394914
9466867860,357564
9466867865,389436
9466867870,373500
9466867875,373500
9466867880,373500
9466867885,373500
9466867890,373500
9466867895,373500
9466867900,373500
9466867905,373500
9466867910,373500
9466867915,373500
9466867920,373500
9466867925,373500
9466867930,373500
9466867935,373500
9466867940,373500
9466867945,373500
9466867950,373500
9466867955,373500
9466867960,373500
9466867965,373500
9466867970,373500
9466867975,373500
9466867980,376986
9466867985,370014
9466867990,423300
9466867995,323700
9466868000,423300
9466868005,328680
9466868010,418320
9466868015,428280
9466868020,322206
9466868025,442722
9466868030,375492
9466868035,373500
9466868040,373500
9466868045,373500
9466868050,373500
9466868055,373500
9466868060,373500
9466868065,373500
9466868070,373500
9466868075,373500
9466868080,373500
9466868085,373500
9466868090,373500
9466868095,373500
9466868100,373500
9466868105,373500
9466868110,373500
9466868115,373500
9466868120,373500
9466868125,373500
9466868130,373500
9466868135,378978
9466868140,368022
9466868145,473100
9466868150,277386
9466868155,375990
9466868160,371010
9466868165,377982
9466868170,401886
9466868175,350592
9466868180,484554
9466868185,298800
9466868190,448200
9466868195,364038
9466868200,382962
9466868205,373500
9466868210,373500
9466868215,373500
9466868220,373500
9466868225,373500
9466868230,373500
9466868235,373500
9466868240,373500
9466868245,373500
9466868250,373500
9466868255,373500
9466868260,373500
9466868265,373500
9466868270,373500
9466868275,373500
9466868280,373500
9466868285,373500
9466868290,373500
9466868295,381966
9466868300,365034
9466868305,383958
9466868310,366528
9466868315,382464
9466868320,366528
9466868325,480072
9466868330,268920
9466868335,444216
9466868340,394914
9466868345,398400
9466868350,373500
9466868355,373500
9466868360,373500
9466868365,373500
9466868370,373500
9466868375,373500
9466868380,373500
9466868385,373500
9466868390,373500
9466868395,373500
9466868400,373500
9466868405,12
9466868410,39970
9466868415,406744
9466868420,323700
9466868425,373500
9466868430,373500
9466868435,423300
9466868440,323700
9466868445,423300
9466868450,323700
9466868455,423300
9466868460,323700
9466868465,423300
9466868470,323700
9466868475,423300
9466868480,323700
9466868485,423300
9466868490,323700
9466868495,423300
9466868500,333660
9466868505,414336
9466868510,422304
9466868515,330174
9466868520,441726
9466868525,373500
9466868530,398400
9466868535,284358
9466868540,487542
9466868545,323700
9466868550,423300
9466868555,323700
9466868560,423300
9466868565,323700
9466868570,423300
9466868575,323700
9466868580,423300
9466868585,323700
9466868590,423300
9466868595,323700
9466868600,423300
9466868605,323700
9466868610,423300
9466868615,323700
9466868620,423300
9466868625,323700
9466868630,423300
9466868635,323700
9466868640,423300
9466868645,329178
9466868650,417822
9466868655,423300
9466868660,323700
9466868665,423300
9466868670,336648
9466868675,410352
9466868680,342126
9466868685,404874
9466868690,373500
9466868695,373500
9466868700,362046
9466868705,398400
9466868710,360054
9466868715,385452
9466868720,370014
9466868725,439734
9466868730,323700
9466868735,412344
9466868740,334656
9466868745,423300
9466868750,323700
9466868755,423300
9466868760,323700
9466868765,423300
9466868770,323700
9466868775,423300
9466868780,323700
9466868785,423300
9466868790,323700
9466868795,423300
9466868800,323700
9466868805,423300
9466868810,323700
9466868815,423300
9466868820,323700
9466868825,423300
9466868830,323700
9466868835,423300
9466868840,327186
9466868845,423300
9466868850,370014
9466868855,373500
9466868860,373500
9466868865,373500
9466868870,373500
9466868875,373500
9466868880,373500
9466868885,423300
9466868890,348600
9466868895,423300
9466868900,348600
9466868905,398400
9466868910,348600
9466868915,398400
9466868920,348600
9466868925,398400
9466868930,348600
9466868935,398400
9466868940,348600
9466868945,398400
9466868950,348600
9466868955,398400
9466868960,348600
9466868965,398400
9466868970,348600
9466868975,398400
9466868980,348600
9466868985,398400
9466868990,348600
9466868995,398400
9466869000,355572
9466869005,12
9466869010,39970
9466869015,406564
9466869020,323700
9466869025,423300
9466869030,323700
9466869035,423300
9466869040,323700
9466869045,423300
9466869050,323700
9466869055,423300
9466869060,323700
9466869065,423300
9466869070,323700
9466869075,423300
9466869080,334158
9466869085,412842
9466869090,327186
9466869095,419814
9466869100,327186
9466869105,419814
9466869110,324198
9466869115,422802
9466869120,329676
9466869125,417324
9466869130,379476
9466869135,371010
9466869140,494514
9466869145,269418
9466869150,477582
9466869155,264438
9466869160,482562
9466869165,253980
9466869170,493020
9466869175,255972
9466869180,491028
9466869185,323700
9466869190,423300
9466869195,323700
9466869200,423300
9466869205,323700
9466869210,423300
9466869215,323700
9466869220,423300
9466869225,323700
9466869230,423300
9466869235,323700
9466869240,423300
9466869245,323700
9466869250,423300
9466869255,323700
9466869260,423300
9466869265,334158
9466869270,414336
9466869275,372006
9466869280,383958
9466869285,428778
9466869290,357564
9466869295,398400
9466869300,373500
9466869305,423300
9466869310,323700
9466869315,423300
9466869320,323700
9466869325,423300
9466869330,323700
9466869335,423300
9466869340,323700
9466869345,423300
9466869350,323700
9466869355,423300
9466869360,323700
9466869365,423300
9466869370,323700
9466869375,423300
9466869380,323700
9466869385,423300
9466869390,323700
9466869395,423300
9466869400,323700
9466869405,423300
9466869410,323700
9466869415,423300
9466869420,331668
9466869425,415332
9466869430,330174
9466869435,416826
9466869440,433260
9466869445,313740
9466869450,334158
9466869455,414336
9466869460,325692
9466869465,426786
9466869470,334656
9466869475,480072
9466869480,256470
9466869485,490530
9466869490,348600
9466869495,398400
9466869500,423300
9466869505,323700
9466869510,423300
9466869515,323700
9466869520,423300
9466869525,264438
9466869530,482562
9466869535,323700
9466869540,423300
9466869545,323700
9466869550,423300
9466869555,323700
9466869560,423300
9466869565,323700
9466869570,423300
9466869575,323700
9466869580,423300
9466869585,323700
9466869590,423300
9466869595,323700
9466869600,423300
9466869605,12
9466869610,39970
9466869615,406744
9466869620,323700
9466869625,423300
9466869630,323700
9466869635,423300
9466869640,327186
9466869645,419814
9466869650,339636
9466869655,407364
9466869660,329178
9466869665,417822
9466869670,375492
9466869675,385950
9466869680,363042
9466869685,385950
9466869690,406866
9466869695,373500
9466869700,373500
9466869705,398400
9466869710,348600
9466869715,398400
9466869720,348600
9466869725,398400
9466869730,348600
9466869735,398400
9466869740,348600
9466869745,398400
9466869750,348600
9466869755,398400
9466869760,348600
9466869765,398400
9466869770,348600
9466869775,398400
9466869780,348600
9466869785,398400
9466869790,352086
9466869795,394914
9466869800,348600
9466869805,398400
9466869810,348600
9466869815,398400
9466869820,348600
9466869825,398400
9466869830,352086
9466869835,394914
9466869840,382464
9466869845,364536
9466869850,356070
9466869855,390930
9466869860,354576
9466869865,392424
9466869870,373500
9466869875,373500
9466869880,373500
9466869885,373500
9466869890,373500
9466869895,373500
9466869900,373500
9466869905,373500
9466869910,376986
9466869915,370014
9466869920,385950
9466869925,363042
9466869930,480072
9466869935,268920
9466869940,480072
9466869945,387444
9466869950,373500
9466869955,373500
9466869960,373500
9466869965,373500
9466869970,373500
9466869975,373500
9466869980,373500
9466869985,373500
9466869990,373500
9466869995,373500
9466870000,373500
9466870005,373500
9466870010,373500
9466870015,373500
9466870020,373500
9466870025,373500
9466870030,373500
9466870035,373500
9466870040,373500
9466870045,373500
9466870050,373500
9466870055,376986
9466870060,370014
9466870065,377982
9466870070,382464
9466870075,434754
9466870080,310752
9466870085,439734
9466870090,419814
9466870095,351588
9466870100,345612
9466870105,406866
9466870110,347106
9466870115,416328
9466870120,373500
9466870125,373500
9466870130,373500
9466870135,373500
9466870140,373500
9466870145,373500
9466870150,373500
9466870155,373500
9466870160,373500
9466870165,373500
9466870170,373500
9466870175,373500
9466870180,373500
9466870185,373500
9466870190,373500
9466870195,373500
9466870200,373500
9466870205,12
9466870210,39970
9466870215,342004
9466870220,388440
9466870225,423300
9466870230,323700
9466870235,423300
9466870240,323700
9466870245,423300
9466870250,323700
9466870255,423300
9466870260,323700
9466870265,423300
9466870270,323700
9466870275,423300
9466870280,327186
9466870285,419814
9466870290,327186
9466870295,355074
9466870300,463140
9466870305,277386
9466870310,469614
9466870315,277386
9466870320,469614
9466870325,387444
9466870330,359556
9466870335,398400
9466870340,311250
9466870345,435750
9466870350,309756
9466870355,437244
9466870360,373500
9466870365,373500
9466870370,373500
9466870375,373500
9466870380,373500
9466870385,373500
9466870390,373500
9466870395,373500
9466870400,373500
9466870405,373500
9466870410,373500
9466870415,373500
9466870420,373500
9466870425,373500
9466870430,373500
9466870435,373500
9466870440,373500
9466870445,376986
9466870450,370014
9466870455,373500
9466870460,376986
9466870465,376986
9466870470,374496
9466870475,366528
9466870480,447204
9466870485,305274
9466870490,441726
9466870495,423300
9466870500,373500
9466870505,373500
9466870510,373500
9466870515,373500
9466870520,373500
9466870525,373500
9466870530,373500
9466870535,373500
9466870540,373500
9466870545,373500
9466870550,373500
9466870555,373500
9466870560,373500
9466870565,373500
9466870570,373500
9466870575,373500
9466870580,373500
9466870585,373500
9466870590,373500
9466870595,373500
9466870600,373500
9466870605,373500
9466870610,373500
9466870615,373500
9466870620,373500
9466870625,373500
9466870630,373500
9466870635,376986
9466870640,370014
9466870645,379476
9466870650,367524
9466870655,429276
9466870660,322206
9466870665,492522
9466870670,299796
9466870675,448200
9466870680,373500
9466870685,373500
9466870690,373500
9466870695,373500
9466870700,373500
9466870705,373500
9466870710,373500
9466870715,373500
9466870720,373500
9466870725,373500
9466870730,373500
9466870735,373500
9466870740,373500
9466870745,373500
9466870750,373500
9466870755,373500
9466870760,373500
9466870765,373500
9466870770,373500
9466870775,373500
9466870780,373500
9466870785,380472
9466870790,366528
9466870795,398400
9466870800,348600
9466870805,12
9466870810,39970
9466870815,342004
9466870820,388440
9466870825,360552
9466870830,386448
9466870835,423300
9466870840,323700
9466870845,380472
9466870850,366528
9466870855,398400
9466870860,348600
9466870865,423300
9466870870,323700
9466870875,423300
9466870880,323700
9466870885,423300
9466870890,323700
9466870895,423300
9466870900,323700
9466870905,423300
9466870910,323700
9466870915,423300
9466870920,327186
9466870925,419814
9466870930,343122
9466870935,403878
9466870940,423300
9466870945,327186
9466870950,375492
9466870955,392922
9466870960,473100
9466870965,323700
9466870970,423300
9466870975,323700
9466870980,423300
9466870985,323700
9466870990,423300
9466870995,323700
9466871000,423300
9466871005,323700
9466871010,423300
9466871015,323700
9466871020,423300
9466871025,323700
9466871030,423300
9466871035,348600
9466871040,398400
9466871045,348600
9466871050,398400
9466871055,348600
9466871060,398400
9466871065,348600
9466871070,398400
9466871075,348600
9466871080,398400
9466871085,348600
9466871090,398400
9466871095,348600
9466871100,401388
9466871105,349098
9466871110,398400
9466871115,453180
9466871120,340134
9466871125,307764
9466871130,439236
9466871135,448200
9466871140,298800
9466871145,446208
9466871150,350592
9466871155,398400
9466871160,348600
9466871165,398400
9466871170,348600
9466871175,398400
9466871180,348600
9466871185,398400
9466871190,348600
9466871195,398400
9466871200,348600
9466871205,398400
9466871210,348600
9466871215,398400
9466871220,348600
9466871225,398400
9466871230,348600
9466871235,398400
9466871240,348600
9466871245,398400
9466871250,348600
9466871255,398400
9466871260,348600
9466871265,398400
9466871270,348600
9466871275,398400
9466871280,348600
9466871285,398400
9466871290,352086
9466871295,394914
9466871300,373500
9466871305,412344
9466871310,363042
9466871315,444714
9466871320,348600
9466871325,398400
9466871330,357564
9466871335,389436
9466871340,398400
9466871345,348600
9466871350,398400
9466871355,348600
9466871360,398400
9466871365,348600
9466871370,398400
9466871375,348600
9466871380,398400
9466871385,348600
9466871390,398400
9466871395,348600
9466871400,398400
9466871405,12
9466871410,39971
9466871415,342004
9466871420,388440
9466871425,423300
9466871430,323700
9466871435,423300
9466871440,323700
9466871445,423300
9466871450,323700
9466871455,423300
9466871460,323700
9466871465,423300
9466871470,323700
9466871475,423300
9466871480,323700
9466871485,423300
9466871490,323700
9466871495,423300
9466871500,323700
9466871505,423300
9466871510,327186
9466871515,422802
9466871520,435750
9466871525,313242
9466871530,493020
9466871535,298800
9466871540,448200
9466871545,323700
9466871550,382464
9466871555,364536
9466871560,302784
9466871565,444216
9466871570,423300
9466871575,323700
9466871580,423300
9466871585,323700
9466871590,423300
9466871595,323700
9466871600,423300
9466871605,323700
9466871610,423300
9466871615,323700
9466871620,423300
9466871625,323700
9466871630,423300
9466871635,323700
9466871640,423300
9466871645,323700
9466871650,423300
9466871655,323700
9466871660,423300
9466871665,327186
9466871670,423300
9466871675,323700
9466871680,426786
9466871685,326688
9466871690,417822
9466871695,378978
9466871700,370014
9466871705,444714
9466871710,370512
9466871715,410352
9466871720,336648
9466871725,423300
9466871730,323700
9466871735,423300
9466871740,323700
9466871745,423300
9466871750,323700
9466871755,423300
9466871760,323700
9466871765,423300
9466871770,323700
9466871775,423300
9466871780,327186
9466871785,419814
9466871790,431268
9466871795,315732
9466871800,433260
9466871805,313740
9466871810,373500
9466871815,373500
9466871820,390930
9466871825,366528
9466871830,444714
9466871835,316728
9466871840,432264
9466871845,316728
9466871850,471108
9466871855,309756
9466871860,437244
9466871865,323700
9466871870,423300
9466871875,323700
9466871880,373500
9466871885,373500
9466871890,374496
9466871895,372504
9466871900,376488
9466871905,370512
9466871910,398400
9466871915,348600
9466871920,398400
9466871925,348600
9466871930,401886
9466871935,345114
9466871940,400392
9466871945,346608
9466871950,423300
9466871955,323700
9466871960,423300
9466871965,323700
9466871970,426786
9466871975,323700
9466871980,424296
9466871985,322704
9466871990,444714
9466871995,298800
9466872000,448200
9466872005,12
9466872010,39971
9466872015,406744
9466872020,323700
9466872025,423300
9466872030,323700
9466872035,423300
9466872040,323700
9466872045,423300
9466872050,327186
9466872055,419814
9466872060,325692
9466872065,421308
9466872070,327684
9466872075,419316
9466872080,373500
9466872085,373500
9466872090,373500
9466872095,373500
9466872100,373500
9466872105,373500
9466872110,373500
9466872115,373500
9466872120,423300
9466872125,323700
9466872130,348600
9466872135,398400
9466872140,357564
9466872145,392922
9466872150,359556
9466872155,398400
9466872160,383958
9466872165,365034
9466872170,385452
9466872175,370014
9466872180,398400
9466872185,348600
9466872190,398400
9466872195,348600
9466872200,398400
9466872205,348600
9466872210,398400
9466872215,348600
9466872220,380472
9466872225,366528
9466872230,398400
9466872235,348600
9466872240,387942
9466872245,359058
9466872250,423300
9466872255,323700
9466872260,423300
9466872265,323700
9466872270,377982
9466872275,372504
9466872280,376488
9466872285,378978
9466872290,365034
9466872295,387444
9466872300,366528
9466872305,437742
9466872310,405372
9466872315,391428
9466872320,373500
9466872325,373500
9466872330,373500
9466872335,373500
9466872340,373500
9466872345,373500
9466872350,373500
9466872355,373500
9466872360,373500
9466872365,373500
9466872370,373500
9466872375,373500
9466872380,373500
9466872385,373500
9466872390,373500
9466872395,373500
9466872400,373500
9466872405,373500
9466872410,373500
9466872415,373500
9466872420,373500
9466872425,373500
9466872430,373500
9466872435,373500
9466872440,373500
9466872445,373500
9466872450,373500
9466872455,373500
9466872460,373500
9466872465,373500
9466872470,373500
9466872475,373500
9466872480,373500
9466872485,373500
9466872490,373500
9466872495,385950
9466872500,361050
9466872505,384456
9466872510,362544
9466872515,398400
9466872520,348600
9466872525,398400
9466872530,348600
9466872535,423300
9466872540,323700
9466872545,423300
9466872550,323700
9466872555,423300
9466872560,323700
9466872565,423300
9466872570,327186
9466872575,419814
9466872580,329178
9466872585,417822
9466872590,348600
9466872595,398400
9466872600,333162
9466872605,12
9466872610,39971
9466872615,406744
9466872620,323700
9466872625,423300
9466872630,323700
9466872635,423300
9466872640,323700
9466872645,423300
9466872650,323700
9466872655,423300
9466872660,323700
9466872665,423300
9466872670,323700
9466872675,423300
9466872680,329676
9466872685,417324
9466872690,423300
9466872695,327186
9466872700,419814
9466872705,356568
9466872710,390432
9466872715,330174
9466872720,416826
9466872725,373500
9466872730,376986
9466872735,394914
9466872740,398400
9466872745,348600
9466872750,398400
9466872755,348600
9466872760,398400
9466872765,348600
9466872770,398400
9466872775,348600
9466872780,398400
9466872785,348600
9466872790,398400
9466872795,348600
9466872800,398400
9466872805,348600
9466872810,398400
9466872815,348600
9466872820,401886
9466872825,345114
9466872830,412344
9466872835,366528
9466872840,391428
9466872845,473100
9466872850,348600
9466872855,398400
9466872860,348600
9466872865,350592
9466872870,396408
9466872875,352584
9466872880,394416
9466872885,398400
9466872890,348600
9466872895,398400
9466872900,348600
9466872905,398400
9466872910,348600
9466872915,398400
9466872920,348600
9466872925,398400
9466872930,348600
9466872935,398400
9466872940,348600
9466872945,398400
9466872950,348600
9466872955,398400
9466872960,348600
9466872965,398400
9466872970,348600
9466872975,398400
9466872980,348600
9466872985,401886
9466872990,358560
9466872995,394914
9466873000,416826
9466873005,419814
9466873010,358560
9466873015,388440
9466873020,280872
9466873025,433758
9466873030,322206
9466873035,457164
9466873040,398400
9466873045,348600
9466873050,398400
9466873055,348600
9466873060,398400
9466873065,348600
9466873070,398400
9466873075,348600
9466873080,398400
9466873085,348600
9466873090,398400
9466873095,348600
9466873100,398400
9466873105,348600
9466873110,398400
9466873115,348600
9466873120,398400
9466873125,352086
9466873130,394914
9466873135,350592
9466873140,396408
9466873145,356070
9466873150,390930
9466873155,358062
9466873160,388938
9466873165,373500
9466873170,373500
9466873175,374496
9466873180,385950
9466873185,409854
9466873190,335652
9466873195,411348
9466873200,341130
9466873205,12
9466873210,39971
9466873215,406744
9466873220,323700
9466873225,379974
9466873230,382464
9466873235,386448
9466873240,394914
9466873245,373500
9466873250,373500
9466873255,373500
9466873260,373500
9466873265,373500
9466873270,373500
9466873275,373500
9466873280,373500
9466873285,373500
9466873290,373500
9466873295,373500
9466873300,373500
9466873305,373500
9466873310,373500
9466873315,373500
9466873320,373500
9466873325,373500
9466873330,398400
9466873335,348600
9466873340,398400
9466873345,348600
9466873350,423300
9466873355,323700
9466873360,448200
9466873365,302286
9466873370,444714
9466873375,302286
9466873380,444714
9466873385,348600
9466873390,413340
9466873395,333660
9466873400,448200
9466873405,373500
9466873410,373500
9466873415,373500
9466873420,373500
9466873425,373500
9466873430,373500
9466873435,373500
9466873440,373500
9466873445,373500
9466873450,373500
9466873455,373500
9466873460,373500
9466873465,373500
9466873470,373500
9466873475,373500
9466873480,373500
9466873485,373500
9466873490,373500
9466873495,373500
9466873500,373500
9466873505,373500
9466873510,373500
9466873515,373500
9466873520,373500
9466873525,373500
9466873530,380472
9466873535,368520
9466873540,398400
9466873545,353580
9466873550,382962
9466873555,366528
9466873560,480072
9466873565,366528
9466873570,388938
9466873575,373500
9466873580,290832
9466873585,456168
9466873590,373500
9466873595,373500
9466873600,373500
9466873605,373500
9466873610,373500
9466873615,373500
9466873620,373500
9466873625,373500
9466873630,373500
9466873635,373500
9466873640,373500
9466873645,373500
9466873650,373500
9466873655,373500
9466873660,373500
9466873665,373500
9466873670,373500
9466873675,373500
9466873680,373500
9466873685,373500
9466873690,373500
9466873695,376986
9466873700,373500
9466873705,373500
9466873710,487044
9466873715,268920
9466873720,485550
9466873725,373500
9466873730,373500
9466873735,373500
9466873740,373500
9466873745,373500
9466873750,373500
9466873755,373500
9466873760,373500
9466873765,373500
9466873770,373500
9466873775,373500
9466873780,373500
9466873785,373500
9466873790,373500
9466873795,373500
9466873800,373500
9466873805,12
9466873810,39971
9466873815,406744
9466873820,323700
9466873825,376488
9466873830,370512
9466873835,378480
9466873840,368520
9466873845,376986
9466873850,370014
9466873855,382464
9466873860,364536
9466873865,423300
9466873870,323700
9466873875,423300
9466873880,333162
9466873885,413838
9466873890,335154
9466873895,411846
9466873900,381468
9466873905,366528
9466873910,422304
9466873915,326688
9466873920,445212
9466873925,303780
9466873930,443220
9466873935,337644
9466873940,409356
9466873945,373500
9466873950,373500
9466873955,373500
9466873960,373500
9466873965,373500
9466873970,373500
9466873975,373500
9466873980,373500
9466873985,373500
9466873990,373500
9466873995,373500
9466874000,373500
9466874005,373500
9466874010,373500
9466874015,373500
9466874020,373500
9466874025,373500
9466874030,376986
9466874035,370014
9466874040,382464
9466874045,364536
9466874050,376986
9466874055,370014
9466874060,376986
9466874065,373500
9466874070,384954
9466874075,366528
9466874080,465132
9466874085,283860
9466874090,463140
9466874095,383460
9466874100,363540
9466874105,398400
9466874110,348600
9466874115,348600
9466874120,398400
9466874125,398400
9466874130,352086
9466874135,394914
9466874140,373500
9466874145,373500
9466874150,373500
9466874155,373500
9466874160,365034
9466874165,381966
9466874170,373500
9466874175,373500
9466874180,373500
9466874185,373500
9466874190,373500
9466874195,373500
9466874200,373500
9466874205,373500
9466874210,373500
9466874215,373500
9466874220,373500
9466874225,373500
9466874230,373500
9466874235,373500
9466874240,373500
9466874245,373500
9466874250,376986
9466874255,370014
9466874260,376986
9466874265,370014
9466874270,383460
9466874275,363540
9466874280,448200
9466874285,302286
9466874290,485052
9466874295,268920
9466874300,487542
9466874305,359058
9466874310,387942
9466874315,302286
9466874320,444714
9466874325,373500
9466874330,373500
9466874335,373500
9466874340,373500
9466874345,317226
9466874350,429774
9466874355,373500
9466874360,373500
9466874365,373500
9466874370,373500
9466874375,373500
9466874380,373500
9466874385,373500
9466874390,373500
9466874395,373500
9466874400,373500
9466874405,12
9466874410,39971
9466874415,406744
9466874420,323700
9466874425,423300
9466874430,323700
9466874435,423300
9466874440,323700
9466874445,423300
9466874450,348600
9466874455,398400
9466874460,373500
9466874465,373500
9466874470,373500
9466874475,373500
9466874480,373500
9466874485,389934
9466874490,357066
9466874495,391926
9466874500,355074
9466874505,377982
9466874510,372504
9466874515,373002
9466874520,373998
9466874525,373500
9466874530,394914
9466874535,373500
9466874540,373500
9466874545,357564
9466874550,389436
9466874555,398400
9466874560,373500
9466874565,373500
9466874570,373500
9466874575,373500
9466874580,373500
9466874585,373500
9466874590,373500
9466874595,373500
9466874600,373500
9466874605,373500
9466874610,373500
9466874615,373500
9466874620,390930
9466874625,356070
9466874630,389436
9466874635,357564
9466874640,448200
9466874645,348600
9466874650,423300
9466874655,323700
9466874660,448200
9466874665,373500
9466874670,373500
9466874675,373500
9466874680,373500
9466874685,373500
9466874690,373500
9466874695,373500
9466874700,373500
9466874705,373500
9466874710,373500
9466874715,373500
9466874720,373500
9466874725,373500
9466874730,373500
9466874735,373500
9466874740,373500
9466874745,373500
9466874750,373500
9466874755,373500
9466874760,376986
9466874765,370014
9466874770,376986
9466874775,373500
9466874780,374496
9466874785,493518
9466874790,298800
9466874795,448200
9466874800,301788
9466874805,445212
9466874810,305772
9466874815,441228
9466874820,305772
9466874825,441228
9466874830,373500
9466874835,373500
9466874840,373500
9466874845,373500
9466874850,373500
9466874855,373500
9466874860,373500
9466874865,373500
9466874870,373500
9466874875,373500
9466874880,373500
9466874885,373500
9466874890,373500
9466874895,373500
9466874900,373500
9466874905,373500
9466874910,373500
9466874915,373500
9466874920,373500
9466874925,373500
9466874930,373500
9466874935,373500
9466874940,373500
9466874945,373500
9466874950,373500
9466874955,373500
9466874960,373500
9466874965,373500
9466874970,373500
9466874975,373500
9466874980,373500
9466874985,373500
9466874990,373500
9466874995,373500
9466875000,373500
9466875005,12
9466875010,39971
9466875015,406744
9466875020,323700
9466875025,423300
9466875030,330672
9466875035,416328
9466875040,373500
9466875045,373500
9466875050,373500
9466875055,373500
9466875060,373500
9466875065,373500
9466875070,373500
9466875075,373500
9466875080,373500
9466875085,373500
9466875090,373500
9466875095,373500
9466875100,373500
9466875105,373500
9466875110,373500
9466875115,373500
9466875120,373500
9466875125,373500
9466875130,373500
9466875135,373500
9466875140,373500
9466875145,373500
9466875150,373500
9466875155,373500
9466875160,373500
9466875165,373500
9466875170,373500
9466875175,373500
9466875180,373500
9466875185,373500
9466875190,376986
9466875195,373002
9466875200,385950
9466875205,361548
9466875210,373500
9466875215,373500
9466875220,389436
9466875225,476586
9466875230,300792
9466875235,448200
9466875240,373500
9466875245,373500
9466875250,373500
9466875255,373500
9466875260,373500
9466875265,373500
9466875270,373500
9466875275,373500
9466875280,373500
9466875285,373500
9466875290,373500
9466875295,373500
9466875300,373500
9466875305,373500
9466875310,373500
9466875315,373500
9466875320,373500
9466875325,373500
9466875330,373500
9466875335,373500
9466875340,373500
9466875345,373500
9466875350,373500
9466875355,373500
9466875360,373500
9466875365,373500
9466875370,373500
9466875375,373500
9466875380,373500
9466875385,373500
9466875390,373500
9466875395,373500
9466875400,373500
9466875405,373500
9466875410,373500
9466875415,378978
9466875420,368022
9466875425,377484
9466875430,373002
9466875435,373500
9466875440,373500
9466875445,409854
9466875450,358560
9466875455,398400
9466875460,448200
9466875465,298800
9466875470,448200
9466875475,305772
9466875480,441228
9466875485,373500
9466875490,373500
9466875495,373500
9466875500,373500
9466875505,373500
9466875510,373500
9466875515,373500
9466875520,373500
9466875525,373500
9466875530,373500
9466875535,373500
9466875540,373500
9466875545,373500
9466875550,373500
9466875555,373500
9466875560,373500
9466875565,373500
9466875570,373500
9466875575,373500
9466875580,373500
9466875585,373500
9466875590,376986
9466875595,373500
9466875600,372006
9466875605,12
9466875610,39971
9466875615,406744
9466875620,323700
9466875625,364038
9466875630,382962
9466875635,348600
9466875640,423300
9466875645,343122
9466875650,410850
9466875655,391428
9466875660,357564
9466875665,389436
9466875670,373500
9466875675,373500
9466875680,373500
9466875685,373500
9466875690,373500
9466875695,373500
9466875700,373500
9466875705,373500
9466875710,373500
9466875715,373500
9466875720,373500
9466875725,373500
9466875730,373500
9466875735,373500
9466875740,373500
9466875745,373500
9466875750,373500
9466875755,373500
9466875760,373500
9466875765,376986
9466875770,370014
9466875775,373500
9466875780,381468
9466875785,365532
9466875790,448200
9466875795,298800
9466875800,388938
9466875805,358062
9466875810,448200
9466875815,305772
9466875820,382464
9466875825,357564
9466875830,448200
9466875835,305772
9466875840,441228
9466875845,311748
9466875850,435252
9466875855,414834
9466875860,345114
9466875865,410352
9466875870,373500
9466875875,373500
9466875880,373500
9466875885,373500
9466875890,373500
9466875895,373500
9466875900,373500
9466875905,373500
9466875910,373500
9466875915,373500
9466875920,373500
9466875925,373500
9466875930,373500
9466875935,373500
9466875940,373500
9466875945,373500
9466875950,373500
9466875955,373500
9466875960,373500
9466875965,373500
9466875970,373500
9466875975,373500
9466875980,373500
9466875985,373500
9466875990,373500
9466875995,373500
9466876000,376986
9466876005,370014
9466876010,376986
9466876015,370014
9466876020,387942
9466876025,359058
9466876030,487542
9466876035,265434
9466876040,374496
9466876045,441228
9466876050,303282
9466876055,443718
9466876060,399396
9466876065,397404
9466876070,323700
9466876075,423300
9466876080,373500
9466876085,373500
9466876090,373500
9466876095,373500
9466876100,339636
9466876105,407364
9466876110,373500
9466876115,373500
9466876120,373500
9466876125,373500
9466876130,373500
9466876135,373500
9466876140,373500
9466876145,373500
9466876150,373500
9466876155,373500
9466876160,373500
9466876165,373500
9466876170,373500
9466876175,373500
9466876180,373500
9466876185,373500
9466876190,373500
9466876195,373500
9466876200,375492
9466876205,12
9466876210,39971
9466876215,381844
9466876220,348600
9466876225,423300
9466876230,323700
9466876235,423300
9466876240,323700
9466876245,423300
9466876250,323700
9466876255,423300
9466876260,325692
9466876265,421308
9466876270,327186
9466876275,419814
9466876280,329676
9466876285,417324
9466876290,373500
9466876295,398400
9466876300,356568
9466876305,390432
9466876310,348600
9466876315,398400
9466876320,364038
9466876325,382962
9466876330,352086
9466876335,394914
9466876340,352086
9466876345,394914
9466876350,350592
9466876355,398400
9466876360,354078
9466876365,415830
9466876370,348600
9466876375,423300
9466876380,310254
9466876385,436746
9466876390,323700
9466876395,423300
9466876400,323700
9466876405,423300
9466876410,323700
9466876415,423300
9466876420,323700
9466876425,423300
9466876430,323700
9466876435,423300
9466876440,323700
9466876445,423300
9466876450,323700
9466876455,423300
9466876460,323700
9466876465,430272
9466876470,316728
9466876475,423300
9466876480,326688
9466876485,420312
9466876490,373500
9466876495,373500
9466876500,362544
9466876505,387942
9466876510,373500
9466876515,444714
9466876520,298800
9466876525,448200
9466876530,313242
9466876535,398400
9466876540,363042
9466876545,419316
9466876550,423300
9466876555,323700
9466876560,423300
9466876565,323700
9466876570,423300
9466876575,323700
9466876580,423300
9466876585,323700
9466876590,423300
9466876595,323700
9466876600,423300
9466876605,323700
9466876610,423300
9466876615,323700
9466876620,423300
9466876625,323700
9466876630,423300
9466876635,323700
9466876640,423300
9466876645,323700
9466876650,423300
9466876655,323700
9466876660,423300
9466876665,323700
9466876670,426786
9466876675,323700
9466876680,469614
9466876685,378480
9466876690,393420
9466876695,421308
9466876700,325692
9466876705,423300
9466876710,323700
9466876715,423300
9466876720,323700
9466876725,423300
9466876730,323700
9466876735,423300
9466876740,323700
9466876745,423300
9466876750,323700
9466876755,423300
9466876760,323700
9466876765,423300
9466876770,323700
9466876775,423300
9466876780,323700
9466876785,423300
9466876790,323700
9466876795,423300
9466876800,323700
9466876805,12
9466876810,39971
9466876815,406744
9466876820,323700
9466876825,376488
9466876830,373998
9466876835,419814
9466876840,327186
9466876845,419814
9466876850,348600
9466876855,398400
9466876860,348600
9466876865,398400
9466876870,348600
9466876875,398400
9466876880,348600
9466876885,398400
9466876890,348600
9466876895,398400
9466876900,348600
9466876905,398400
9466876910,348600
9466876915,398400
9466876920,348600
9466876925,398400
9466876930,348600
9466876935,398400
9466876940,348600
9466876945,398400
9466876950,348600
9466876955,398400
9466876960,348600
9466876965,398400
9466876970,348600
9466876975,398400
9466876980,348600
9466876985,398400
9466876990,348600
9466876995,398400
9466877000,348600
9466877005,398400
9466877010,348600
9466877015,401886
9466877020,348600
9466877025,394914
9466877030,352086
9466877035,405870
9466877040,341130
9466877045,407862
9466877050,410352
9466877055,338640
9466877060,408360
9466877065,423300
9466877070,327186
9466877075,419814
9466877080,333660
9466877085,413340
9466877090,398400
9466877095,348600
9466877100,398400
9466877105,348600
9466877110,398400
9466877115,348600
9466877120,398400
9466877125,348600
9466877130,398400
9466877135,348600
9466877140,398400
9466877145,348600
9466877150,398400
9466877155,348600
9466877160,398400
9466877165,349596
9466877170,397404
9466877175,351588
9466877180,395412
9466877185,348600
9466877190,398400
9466877195,355572
9466877200,391428
9466877205,398400
9466877210,348600
9466877215,363042
9466877220,383958
9466877225,398400
9466877230,348600
9466877235,496008
9466877240,254478
9466877245,398400
9466877250,349596
9466877255,418818
9466877260,423300
9466877265,323700
9466877270,423300
9466877275,339138
9466877280,407862
9466877285,376986
9466877290,330672
9466877295,430272
9466877300,356070
9466877305,398400
9466877310,348600
9466877315,398400
9466877320,348600
9466877325,398400
9466877330,348600
9466877335,398400
9466877340,348600
9466877345,398400
9466877350,348600
9466877355,398400
9466877360,348600
9466877365,398400
9466877370,348600
9466877375,398400
9466877380,348600
9466877385,398400
9466877390,348600
9466877395,398400
9466877400,348600
9466877405,12
9466877410,39971
9466877415,406744
9466877420,323700
9466877425,423300
9466877430,323700
9466877435,423300
9466877440,323700
9466877445,423300
9466877450,323700
9466877455,423300
9466877460,323700
9466877465,423300
9466877470,323700
9466877475,423300
9466877480,323700
9466877485,423300
9466877490,323700
9466877495,423300
9466877500,323700
9466877505,423300
9466877510,323700
9466877515,423300
9466877520,323700
9466877525,426786
9466877530,320214
9466877535,430272
9466877540,316728
9466877545,432264
9466877550,314736
9466877555,434256
9466877560,312744
9466877565,426786
9466877570,320214
9466877575,423300
9466877580,348600
9466877585,402882
9466877590,344118
9466877595,401388
9466877600,334656
9466877605,412842
9466877610,352086
9466877615,466128
9466877620,330672
9466877625,416328
9466877630,423300
9466877635,323700
9466877640,423300
9466877645,323700
9466877650,423300
9466877655,323700
9466877660,423300
9466877665,323700
9466877670,423300
9466877675,323700
9466877680,423300
9466877685,323700
9466877690,423300
9466877695,323700
9466877700,423300
9466877705,323700
9466877710,423300
9466877715,323700
9466877720,423300
9466877725,325692
9466877730,424794
9466877735,323700
9466877740,419814
9466877745,327186
9466877750,423300
9466877755,328182
9466877760,418818
9466877765,427782
9466877770,323700
9466877775,428778
9466877780,384954
9466877785,364038
9466877790,316728
9466877795,489534
9466877800,323700
9466877805,423300
9466877810,323700
9466877815,423300
9466877820,323700
9466877825,423300
9466877830,323700
9466877835,423300
9466877840,323700
9466877845,423300
9466877850,323700
9466877855,423300
9466877860,323700
9466877865,423300
9466877870,323700
9466877875,423300
9466877880,323700
9466877885,423300
9466877890,323700
9466877895,423300
9466877900,323700
9466877905,423300
9466877910,329178
9466877915,417822
9466877920,327186
9466877925,419814
9466877930,373500
9466877935,373500
9466877940,382962
9466877945,367524
9466877950,494514
9466877955,273900
9466877960,473100
9466877965,283860
9466877970,463140
9466877975,323700
9466877980,423300
9466877985,323700
9466877990,423300
9466877995,323700
9466878000,423300
9466878005,12
9466878010,39971
9466878015,406744
9466878020,323700
9466878025,423300
9466878030,323700
9466878035,423300
9466878040,323700
9466878045,415830
9466878050,334656
9466878055,419814
9466878060,329178
9466878065,417822
9466878070,373500
9466878075,373500
9466878080,373500
9466878085,373500
9466878090,373500
9466878095,376986
9466878100,370014
9466878105,374496
9466878110,372504
9466878115,376488
9466878120,370512
9466878125,381966
9466878130,365034
9466878135,376986
9466878140,370014
9466878145,385950
9466878150,361050
9466878155,387942
9466878160,363042
9466878165,385950
9466878170,406866
9466878175,338640
9466878180,398400
9466878185,358560
9466878190,398400
9466878195,355572
9466878200,391428
9466878205,364038
9466878210,358062
9466878215,390930
9466878220,356070
9466878225,392922
9466878230,363042
9466878235,389436
9466878240,363042
9466878245,383958
9466878250,355572
9466878255,391428
9466878260,373500
9466878265,373500
9466878270,373500
9466878275,373500
9466878280,373500
9466878285,373500
9466878290,373500
9466878295,373500
9466878300,373500
9466878305,373500
9466878310,373500
9466878315,376986
9466878320,370014
9466878325,391428
9466878330,355572
9466878335,376986
9466878340,370014
9466878345,373500
9466878350,373500
9466878355,374496
9466878360,372504
9466878365,379974
9466878370,370512
9466878375,406866
9466878380,340134
9466878385,376986
9466878390,385950
9466878395,428778
9466878400,348600
9466878405,338142
9466878410,483558
9466878415,373500
9466878420,373500
9466878425,373500
9466878430,373500
9466878435,373500
9466878440,373500
9466878445,373500
9466878450,373500
9466878455,373500
9466878460,373500
9466878465,373500
9466878470,373500
9466878475,373500
9466878480,373500
9466878485,373500
9466878490,373500
9466878495,373500
9466878500,373500
9466878505,373500
9466878510,373500
9466878515,373500
9466878520,376986
9466878525,370014
9466878530,388440
9466878535,358560
9466878540,472104
9466878545,281868
9466878550,491028
9466878555,264438
9466878560,482562
9466878565,360552
9466878570,386448
9466878575,373500
9466878580,373500
9466878585,373500
9466878590,373500
9466878595,373500
9466878600,373500
9466878605,12
9466878610,39971
9466878615,406744
9466878620,323700
9466878625,423300
9466878630,323700
9466878635,423300
9466878640,323700
9466878645,423300
9466878650,339636
9466878655,407364
9466878660,373500
9466878665,373500
9466878670,373500
9466878675,373500
9466878680,373500
9466878685,373500
9466878690,373500
9466878695,373500
9466878700,373500
9466878705,373500
9466878710,373500
9466878715,373500
9466878720,376986
9466878725,373500
9466878730,383958
9466878735,398400
9466878740,448200
9466878745,384456
9466878750,348600
9466878755,398400
9466878760,373500
9466878765,373500
9466878770,373500
9466878775,373500
9466878780,373500
9466878785,373500
9466878790,373500
9466878795,373500
9466878800,373500
9466878805,373500
9466878810,373500
9466878815,373500
9466878820,373500
9466878825,373500
9466878830,376986
9466878835,370014
9466878840,376986
9466878845,370014
9466878850,385950
9466878855,363042
9466878860,385950
9466878865,362544
9466878870,494514
9466878875,356070
9466878880,390930
9466878885,354576
9466878890,392424
9466878895,373500
9466878900,373500
9466878905,373500
9466878910,373500
9466878915,373500
9466878920,373500
9466878925,373500
9466878930,373500
9466878935,373500
9466878940,373500
9466878945,373500
9466878950,373500
9466878955,373500
9466878960,373500
9466878965,373500
9466878970,373500
9466878975,373500
9466878980,373500
9466878985,373500
9466878990,373500
9466878995,373500
9466879000,373500
9466879005,373500
9466879010,376986
9466879015,373500
9466879020,373500
9466879025,380472
9466879030,476586
9466879035,284856
9466879040,473100
9466879045,275892
9466879050,471108
9466879055,277386
9466879060,448698
9466879065,294816
9466879070,454176
9466879075,304278
9466879080,460650
9466879085,324696
9466879090,423300
9466879095,333660
9466879100,413340
9466879105,373500
9466879110,373500
9466879115,373500
9466879120,373500
9466879125,373500
9466879130,373500
9466879135,373500
9466879140,373500
9466879145,373500
9466879150,373500
9466879155,373500
9466879160,373500
9466879165,373500
9466879170,373500
9466879175,373500
9466879180,373500
9466879185,373500
9466879190,373500
9466879195,376986
9466879200,370014
9466879205,12
9466879210,39971
9466879215,406864
9466879220,323700
9466879225,423300
9466879230,323700
9466879235,423300
9466879240,323700
9466879245,423300
9466879250,323700
9466879255,423300
9466879260,323700
9466879265,423300
9466879270,323700
9466879275,423300
9466879280,326688
9466879285,420312
9466879290,348600
9466879295,401886
9466879300,444714
9466879305,298800
9466879310,446208
9466879315,304278
9466879320,494514
9466879325,323700
9466879330,423300
9466879335,323700
9466879340,423300
9466879345,323700
9466879350,423300
9466879355,323700
9466879360,423300
9466879365,323700
9466879370,423300
9466879375,323700
9466879380,423300
9466879385,323700
9466879390,423300
9466879395,323700
9466879400,423300
9466879405,327186
9466879410,437244
9466879415,313242
9466879420,491028
9466879425,361050
9466879430,385950
9466879435,423300
9466879440,323700
9466879445,331170
9466879450,415830
9466879455,333162
9466879460,413838
9466879465,423300
9466879470,323700
9466879475,423300
9466879480,323700
9466879485,423300
9466879490,323700
9466879495,423300
9466879500,323700
9466879505,423300
9466879510,327186
9466879515,419814
9466879520,327186
9466879525,426786
9466879530,320214
9466879535,421806
9466879540,325194
9466879545,423798
9466879550,334656
9466879555,449694
9466879560,332166
9466879565,448200
9466879570,349596
9466879575,397404
9466879580,373500
9466879585,373500
9466879590,373500
9466879595,373500
9466879600,387444
9466879605,359556
9466879610,307764
9466879615,439236
9466879620,410850
9466879625,336150
9466879630,327684
9466879635,419316
9466879640,423300
9466879645,323700
9466879650,423300
9466879655,323700
9466879660,423300
9466879665,323700
9466879670,423300
9466879675,323700
9466879680,423300
9466879685,323700
9466879690,423300
9466879695,323700
9466879700,423300
9466879705,323700
9466879710,423300
9466879715,327186
9466879720,419814
9466879725,373500
9466879730,373500
9466879735,338640
9466879740,408360
9466879745,328182
9466879750,418818
9466879755,471108
9466879760,279378
9466879765,469614
9466879770,285852
9466879775,461148
9466879780,323700
9466879785,298800
9466879790,433758
9466879795,347106
9466879800,439236
9466879805,12
9466879810,39971
9466879815,406744
9466879820,323700
9466879825,423300
9466879830,323700
9466879835,423300
9466879840,323700
9466879845,423300
9466879850,323700
9466879855,423300
9466879860,323700
9466879865,423300
9466879870,323700
9466879875,423300
9466879880,323700
9466879885,423300
9466879890,323700
9466879895,406368
9466879900,415332
9466879905,348600
9466879910,398400
9466879915,348600
9466879920,398400
9466879925,348600
9466879930,398400
9466879935,348600
9466879940,398400
9466879945,348600
9466879950,398400
9466879955,348600
9466879960,398400
9466879965,361548
9466879970,385452
9466879975,373500
9466879980,373500
9466879985,373500
9466879990,373500
9466879995,373500
9466880000,373500
9466880005,373500
9466880010,373500
9466880015,373500
9466880020,373500
9466880025,373500
9466880030,373500
9466880035,375492
9466880040,371508
9466880045,373500
9466880050,373500
9466880055,376986
9466880060,370014
9466880065,376986
9466880070,370014
9466880075,376986
9466880080,373002
9466880085,382464
9466880090,411348
9466880095,385452
9466880100,436248
9466880105,373500
9466880110,373500
9466880115,373500
9466880120,373500
9466880125,373500
9466880130,373500
9466880135,373500
9466880140,373500
9466880145,373500
9466880150,373500
9466880155,373500
9466880160,373500
9466880165,373500
9466880170,373500
9466880175,373500
9466880180,373500
9466880185,373500
9466880190,373500
9466880195,373500
9466880200,373500
9466880205,373500
9466880210,389436
9466880215,370014
9466880220,366528
9466880225,476586
9466880230,366528
9466880235,304278
9466880240,465630
9466880245,302286
9466880250,425790
9466880255,332664
9466880260,416328
9466880265,365532
9466880270,333660
9466880275,401886
9466880280,347106
9466880285,436248
9466880290,373500
9466880295,373500
9466880300,337644
9466880305,409356
9466880310,373500
9466880315,373500
9466880320,373500
9466880325,373500
9466880330,373500
9466880335,373500
9466880340,373500
9466880345,373500
9466880350,373500
9466880355,373500
9466880360,373500
9466880365,373500
9466880370,373500
9466880375,373500
9466880380,373500
9466880385,376986
9466880390,373500
9466880395,444714
9466880400,307764
9466880405,12
9466880410,39971
9466880415,342004
9466880420,388440
9466880425,360552
9466880430,386448
9466880435,352086
9466880440,394914
9466880445,364536
9466880450,385950
9466880455,419814
9466880460,323700
9466880465,423300
9466880470,323700
9466880475,423300
9466880480,327186
9466880485,419814
9466880490,327186
9466880495,419814
9466880500,373500
9466880505,373500
9466880510,373500
9466880515,373500
9466880520,373500
9466880525,376986
9466880530,370014
9466880535,398400
9466880540,368022
9466880545,378978
9466880550,382464
9466880555,364536
9466880560,398400
9466880565,348600
9466880570,398400
9466880575,352086
9466880580,394914
9466880585,356568
9466880590,390432
9466880595,373500
9466880600,373500
9466880605,373500
9466880610,373500
9466880615,373500
9466880620,373500
9466880625,373500
9466880630,373500
9466880635,376986
9466880640,370014
9466880645,398400
9466880650,348600
9466880655,398400
9466880660,348600
9466880665,398400
9466880670,348600
9466880675,398400
9466880680,362046
9466880685,384954
9466880690,401886
9466880695,345114
9466880700,410352
9466880705,336648
9466880710,448200
9466880715,302286
9466880720,444714
9466880725,298800
9466880730,448200
9466880735,298800
9466880740,448200
9466880745,298800
9466880750,404376
9466880755,342624
9466880760,448200
9466880765,298800
9466880770,448200
9466880775,314238
9466880780,432762
9466880785,316230
9466880790,430770
9466880795,398400
9466880800,366030
9466880805,380970
9466880810,398400
9466880815,352086
9466880820,394914
9466880825,354078
9466880830,392922
9466880835,373500
9466880840,373500
9466880845,373500
9466880850,373500
9466880855,373500
9466880860,373500
9466880865,373500
9466880870,373500
9466880875,373500
9466880880,373500
9466880885,373500
9466880890,376986
9466880895,370014
9466880900,376986
9466880905,370014
9466880910,375492
9466880915,374994
9466880920,373998
9466880925,385950
9466880930,363042
9466880935,483558
9466880940,332166
9466880945,306768
9466880950,440232
9466880955,305274
9466880960,441726
9466880965,423300
9466880970,323700
9466880975,423300
9466880980,323700
9466880985,423300
9466880990,323700
9466880995,423300
9466881000,323700
9466881005,12
9466881010,39971
9466881015,406744
9466881020,323700
9466881025,423300
9466881030,327186
9466881035,359058
9466881040,384456
9466881045,423300
9466881050,323700
9466881055,423300
9466881060,323700
9466881065,423300
9466881070,331170
9466881075,415830
9466881080,333162
9466881085,413838
9466881090,373500
9466881095,373500
9466881100,373500
9466881105,373500
9466881110,373500
9466881115,373500
9466881120,373500
9466881125,376986
9466881130,387444
9466881135,356070
9466881140,398400
9466881145,352086
9466881150,394914
9466881155,373500
9466881160,373500
9466881165,373500
9466881170,373500
9466881175,373500
9466881180,373500
9466881185,373500
9466881190,373500
9466881195,373500
9466881200,373500
9466881205,373500
9466881210,373500
9466881215,373500
9466881220,373500
9466881225,373500
9466881230,376986
9466881235,372006
9466881240,446208
9466881245,348600
9466881250,448200
9466881255,302286
9466881260,389934
9466881265,359556
9466881270,371010
9466881275,444714
9466881280,303282
9466881285,443718
9466881290,305274
9466881295,441726
9466881300,303780
9466881305,443220
9466881310,373500
9466881315,373500
9466881320,373500
9466881325,373500
9466881330,373500
9466881335,373500
9466881340,373500
9466881345,373500
9466881350,373500
9466881355,373500
9466881360,373500
9466881365,373500
9466881370,373500
9466881375,373500
9466881380,373500
9466881385,373500
9466881390,373500
9466881395,376986
9466881400,370014
9466881405,373500
9466881410,373500
9466881415,373500
9466881420,373500
9466881425,373500
9466881430,398400
9466881435,361548
9466881440,385452
9466881445,379476
9466881450,417324
9466881455,352086
9466881460,419814
9466881465,324696
9466881470,422304
9466881475,398400
9466881480,348600
9466881485,398400
9466881490,352086
9466881495,394914
9466881500,373500
9466881505,373500
9466881510,373500
9466881515,373500
9466881520,373500
9466881525,373500
9466881530,373500
9466881535,373500
9466881540,373500
9466881545,373500
9466881550,373500
9466881555,373500
9466881560,373500
9466881565,373500
9466881570,373500
9466881575,373500
9466881580,373500
9466881585,373500
9466881590,380472
9466881595,366528
9466881600,382464
9466881605,12
9466881610,39971
9466881615,406744
9466881620,323700
9466881625,423300
9466881630,323700
9466881635,423300
9466881640,323700
9466881645,423300
9466881650,323700
9466881655,423300
9466881660,325692
9466881665,421308
9466881670,327186
9466881675,419814
9466881680,333162
9466881685,417324
9466881690,370014
9466881695,388440
9466881700,358560
9466881705,377982
9466881710,375990
9466881715,373002
9466881720,416826
9466881725,398400
9466881730,348600
9466881735,398400
9466881740,348600
9466881745,398400
9466881750,348600
9466881755,398400
9466881760,348600
9466881765,398400
9466881770,348600
9466881775,398400
9466881780,348600
9466881785,398400
9466881790,348600
9466881795,398400
9466881800,348600
9466881805,398400
9466881810,348600
9466881815,398400
9466881820,352086
9466881825,394914
9466881830,352086
9466881835,394914
9466881840,354078
9466881845,392922
9466881850,359556
9466881855,387444
9466881860,398400
9466881865,448200
9466881870,298800
9466881875,448200
9466881880,302286
9466881885,444714
9466881890,324696
9466881895,422304
9466881900,330174
9466881905,416826
9466881910,328680
9466881915,418320
9466881920,366030
9466881925,380970
9466881930,398400
9466881935,348600
9466881940,373500
9466881945,373500
9466881950,398400
9466881955,348600
9466881960,398400
9466881965,348600
9466881970,398400
9466881975,348600
9466881980,398400
9466881985,348600
9466881990,398400
9466881995,348600
9466882000,398400
9466882005,348600
9466882010,398400
9466882015,352086
9466882020,394914
9466882025,354078
9466882030,392922
9466882035,398400
9466882040,352086
9466882045,419814
9466882050,423300
9466882055,348600
9466882060,398400
9466882065,398400
9466882070,348600
9466882075,398400
9466882080,348600
9466882085,398400
9466882090,348600
9466882095,398400
9466882100,348600
9466882105,398400
9466882110,348600
9466882115,398400
9466882120,348600
9466882125,398400
9466882130,348600
9466882135,398400
9466882140,348600
9466882145,398400
9466882150,348600
9466882155,398400
9466882160,348600
9466882165,398400
9466882170,348600
9466882175,398400
9466882180,348600
9466882185,398400
9466882190,352086
9466882195,394914
9466882200,398400
9466882205,12
9466882210,39971
9466882215,389812
9466882220,340632
9466882225,398400
9466882230,348600
9466882235,398400
9466882240,348600
9466882245,398400
9466882250,348600
9466882255,398400
9466882260,348600
9466882265,398400
9466882270,348600
9466882275,356568
9466882280,390432
9466882285,260952
9466882290,486048
9466882295,249000
9466882300,415830
9466882305,331170
9466882310,398400
9466882315,348600
9466882320,398400
9466882325,348600
9466882330,398400
9466882335,348600
9466882340,398400
9466882345,348600
9466882350,398400
9466882355,348600
9466882360,398400
9466882365,348600
9466882370,398400
9466882375,348600
9466882380,398400
9466882385,348600
9466882390,398400
9466882395,348600
9466882400,398400
9466882405,348600
9466882410,398400
9466882415,348600
9466882420,398400
9466882425,348600
9466882430,398400
9466882435,348600
9466882440,398400
9466882445,348600
9466882450,254478
9466882455,492522
9466882460,252486
9466882465,494514
9466882470,254976
9466882475,395910
9466882480,345114
9466882485,398400
9466882490,348600
9466882495,398400
9466882500,348600
9466882505,398400
9466882510,348600
9466882515,398400
9466882520,348600
9466882525,398400
9466882530,348600
9466882535,398400
9466882540,348600
9466882545,398400
9466882550,348600
9466882555,398400
9466882560,348600
9466882565,398400
9466882570,348600
9466882575,398400
9466882580,348600
9466882585,375492
9466882590,371508
9466882595,252486
9466882600,494514
9466882605,252486
9466882610,400890
9466882615,342624
9466882620,398400
9466882625,348600
9466882630,398400
9466882635,348600
9466882640,398400
9466882645,348600
9466882650,398400
9466882655,348600
9466882660,398400
9466882665,348600
9466882670,398400
9466882675,348600
9466882680,398400
9466882685,348600
9466882690,398400
9466882695,348600
9466882700,398400
9466882705,348600
9466882710,398400
9466882715,348600
9466882720,398400
9466882725,348600
9466882730,398400
9466882735,284856
9466882740,462144
9466882745,298800
9466882750,448200
9466882755,260454
9466882760,347106
9466882765,391926
9466882770,494514
9466882775,252486
9466882780,348600
9466882785,394914
9466882790,348600
9466882795,398400
9466882800,348600
9466882805,12
9466882810,39971
9466882815,406616
9466882820,323700
9466882825,330672
9466882830,422304
9466882835,317724
9466882840,367524
9466882845,379476
9466882850,348600
9466882855,398400
9466882860,348600
9466882865,398400
9466882870,348600
9466882875,398400
9466882880,348600
9466882885,398400
9466882890,348600
9466882895,398400
9466882900,348600
9466882905,398400
9466882910,348600
9466882915,398400
9466882920,348600
9466882925,398400
9466882930,289836
9466882935,311250
9466882940,494514
9466882945,249000
9466882950,398400
9466882955,348600
9466882960,398400
9466882965,348600
9466882970,398400
9466882975,348600
9466882980,398400
9466882985,348600
9466882990,398400
9466882995,348600
9466883000,398400
9466883005,348600
9466883010,398400
9466883015,348600
9466883020,398400
9466883025,348600
9466883030,398400
9466883035,348600
9466883040,398400
9466883045,348600
9466883050,255972
9466883055,491028
9466883060,249000
9466883065,407364
9466883070,339636
9466883075,398400
9466883080,348600
9466883085,398400
9466883090,348600
9466883095,398400
9466883100,348600
9466883105,398400
9466883110,348600
9466883115,398400
9466883120,348600
9466883125,256470
9466883130,490530
9466883135,249000
9466883140,411348
9466883145,335652
9466883150,398400
9466883155,348600
9466883160,398400
9466883165,348600
9466883170,398400
9466883175,348600
9466883180,398400
9466883185,348600
9466883190,398400
9466883195,348600
9466883200,398400
9466883205,348600
9466883210,398400
9466883215,348600
9466883220,398400
9466883225,348600
9466883230,398400
9466883235,348600
9466883240,398400
9466883245,348600
9466883250,352086
9466883255,394914
9466883260,249000
9466883265,401886
9466883270,345114
9466883275,398400
9466883280,348600
9466883285,398400
9466883290,348600
9466883295,398400
9466883300,348600
9466883305,398400
9466883310,348600
9466883315,398400
9466883320,348600
9466883325,398400
9466883330,348600
9466883335,398400
9466883340,348600
9466883345,262446
9466883350,484554
9466883355,249000
9466883360,498000
9466883365,249000
9466883370,399894
9466883375,347106
9466883380,398400
9466883385,348600
9466883390,398400
9466883395,348600
9466883400,398400
9466883405,12
9466883410,39971
9466883415,406744
9466883420,323700
9466883425,423300
9466883430,339138
9466883435,311748
9466883440,444714
9466883445,298800
9466883450,348600
9466883455,398400
9466883460,348600
9466883465,398400
9466883470,348600
9466883475,398400
9466883480,348600
9466883485,398400
9466883490,348600
9466883495,398400
9466883500,348600
9466883505,398400
9466883510,348600
9466883515,398400
9466883520,265434
9466883525,481566
9466883530,252486
9466883535,494514
9466883540,249996
9466883545,354078
9466883550,391926
9466883555,348600
9466883560,398400
9466883565,348600
9466883570,398400
9466883575,348600
9466883580,398400
9466883585,348600
9466883590,398400
9466883595,348600
9466883600,398400
9466883605,348600
9466883610,398400
9466883615,348600
9466883620,398400
9466883625,348600
9466883630,355572
9466883635,391428
9466883640,259956
9466883645,487044
9466883650,249000
9466883655,414834
9466883660,332166
9466883665,401886
9466883670,345114
9466883675,398400
9466883680,348600
9466883685,398400
9466883690,348600
9466883695,398400
9466883700,348600
9466883705,398400
9466883710,348600
9466883715,365034
9466883720,381966
9466883725,249996
9466883730,497004
9466883735,249000
9466883740,401388
9466883745,345612
9466883750,401886
9466883755,345114
9466883760,398400
9466883765,348600
9466883770,398400
9466883775,348600
9466883780,398400
9466883785,348600
9466883790,398400
9466883795,348600
9466883800,253980
9466883805,493020
9466883810,252486
9466883815,494514
9466883820,249000
9466883825,398400
9466883830,348600
9466883835,398400
9466883840,348600
9466883845,398400
9466883850,348600
9466883855,398400
9466883860,348600
9466883865,398400
9466883870,348600
9466883875,252486
9466883880,494514
9466883885,249000
9466883890,401886
9466883895,345114
9466883900,398400
9466883905,348600
9466883910,398400
9466883915,348600
9466883920,398400
9466883925,348600
9466883930,398400
9466883935,348600
9466883940,398400
9466883945,348600
9466883950,398400
9466883955,348600
9466883960,398400
9466883965,348600
9466883970,398400
9466883975,348600
9466883980,349596
9466883985,397404
9466883990,252486
9466883995,494514
